id,name,age,friends
1,Erroll Acom,31,3
2,Bartel Mosen,25,3
3,Wells Laybourn,43,1
4,Marcella Mawer,40,5
5,Ursa Batterson,25,3
6,Berk Du Fray,44,1
7,Algernon Fields,40,2
8,Derick Itzkov,39,2
9,Gavrielle Shaves,26,2
10,Parker Gouldstraw,28,5
11,Kimberly Vigar,50,4
12,Quillan Killik,42,5
13,Eli Linstead,34,4
14,Wally Gallico,46,3
15,Elihu Errichiello,42,1
16,Nealson Sprigging,27,4
17,Drusilla Tertre,47,2
18,Edsel Garnham,47,5
19,Cecil Gutteridge,29,2
20,Aimee Rois,42,4
21,Myrna Kobierzycki,26,3
22,Kristos Cockerell,30,6
23,Dew Casellas,34,1
24,Roth Terbrug,29,3
25,Heinrick Whitney,40,3
26,Gayle Arnson,49,1
27,Theresa Ruecastle,49,4
28,Donovan Sheaf,31,3
29,Thebault Everett,34,4
30,Margaret Le Batteur,31,5
31,Flemming Pratte,34,4
32,Helga McKeeman,45,2
33,Verge Thams,33,6
34,Tessie Reynolds,29,4
35,Godfree Inott,29,2
36,Hermia Jacquet,40,5
37,Philippe Hares,27,4
38,Jemmy Razoux,37,2
39,Donnie Philson,31,5
40,Jeannette Searle,50,5
41,Alex Stonner,27,5
42,Tasha Finan,29,4
43,Karrah MacKean,50,3
44,Andra Bonett,49,4
45,Mitchael Kellard,25,4
46,Marcile Alderman,47,5
47,Cherish Laybourne,42,4
48,Nyssa Linsey,43,4
49,Rochella O'Sherin,35,3
50,Gwen Dautry,34,6
51,Fidel Hurlin,26,3
52,Minny Puig,34,1
53,Normy Rosini,42,2
54,Gil Danilowicz,46,2
55,Cyndie Warbrick,25,6
56,Vanni Synnot,39,6
57,Maren Newband,33,2
58,Dorice Donke,43,2
59,Vivie Whistance,36,4
60,Barbabas Presidey,28,1
61,Catarina Farge,31,4
62,Gaynor Ferreo,28,2
63,Lira Brew,49,3
64,Cherice Lindback,40,3
65,Angeline Sillis,50,4
66,Zonda Stearns,35,5
67,Loydie Jerrim,33,2
68,Valdemar Bedding,44,2
69,Valentine Sennett,32,2
70,Suellen Brokenshaw,35,6
71,Kip Gallymore,49,4
72,Lolita Mogie,40,1
73,Garrett Wilprecht,45,2
74,Nari Quinnell,25,4
75,Kimmy Densumbe,34,3
76,Quintin Gaskall,42,3
77,Nolly Pifford,49,4
78,Krystal Morrad,32,5
79,Rosene Nund,46,6
80,Yevette Bloxsum,45,4
81,Mitzi Winpenny,25,2
82,Curt Renhard,30,3
83,Joyann Pusey,32,5
84,Laughton Farmery,34,1
85,Maddy Sawer,45,1
86,Jo Moutray Read,41,6
87,Leanor Dalby,40,1
88,Fara Olekhov,32,6
89,Bale Affron,25,4
90,Cassondra Millis,33,6
91,Paulo Gronav,47,3
92,Jerrold Christoffersen,30,2
93,Dionis Lyard,32,4
94,Alvie Beamson,26,3
95,Michal Cookney,25,1
96,Eddy Pattle,34,6
97,Fitzgerald Martin,33,4
98,Margaretha Mattson,45,5
99,Ester Senechault,42,1
100,Vi Vicioso,42,6
101,Helena Martinot,45,2
102,Margalo Broome,37,5
103,Lusa Orgen,47,6
104,Giacomo Camden,37,6
105,Rafaellle Poyser,44,6
106,Auroora Doxsey,32,2
107,Ricardo Petrolli,34,4
108,Reinhold Ettery,30,4
109,Mildred Scading,50,6
110,Ulick Hauxley,45,3
111,Babbette Di Giorgio,49,2
112,Janetta Rosenblum,31,4
113,Juliann Drover,30,1
114,Megan Killeen,38,4
115,Sherill Muehler,35,5
116,Danice Strelitzer,45,4
117,Gerladina Cummins,31,4
118,Glendon Taillard,47,3
119,Frasco Guyton,49,6
120,Adrian Trevna,42,3
121,Evelina Romain,33,1
122,Andrea Stroud,35,6
123,Lesli Loidl,37,2
124,Carmel Ollerton,30,4
125,Kizzee Pretswell,44,2
126,Nelli Piotrowski,32,3
127,Jared Rickertsen,27,2
128,Tuckie Sayward,43,6
129,Kellsie Lyenyng,44,2
130,Joyann Di Franceschi,26,2
131,Tim Krink,31,5
132,Joshua Piscopiello,50,2
133,Kyle Vickery,29,2
134,Justis Carden,44,1
135,Naomi Ellesmere,27,1
136,Bernarr Ruseworth,30,1
137,Pia Pardey,42,4
138,Melina Gentreau,37,4
139,King Downage,25,2
140,Ashlen Shropshire,31,1
141,Marge Wallage,37,5
142,Quillan Maving,29,5
143,Nap Kaubisch,47,5
144,Roanne Pascho,33,3
145,Erny Kigelman,45,4
146,Roger Condon,28,1
147,Killian Crat,35,4
148,Misty Styan,45,5
149,Lacey Dudin,47,6
150,Antony Upwood,28,1
151,Delmar Ledner,44,3
152,Saleem Stelljes,50,6
153,Cody Ennals,37,4
154,Rodney Bovis,34,1
155,Philis Barrus,46,3
156,Brinna Jirek,42,1
157,Greta Dack,41,1
158,Corrie Guilleton,37,6
159,Sherman Dunguy,26,3
160,Marci Ozintsev,28,1
161,Morton Exrol,34,4
162,Charlotte Aldis,46,1
163,Kara-lynn Annes,44,2
164,Sydney Flewitt,30,1
165,Brooke Maryin,45,6
166,Darsey Grzegorzewski,33,1
167,Shena Soars,27,6
168,Emili Tull,27,5
169,Latia Peres,25,2
170,Wash Hillburn,35,2
171,Baudoin Adolfson,26,2
172,Francois O'Shirine,38,1
173,Kasper Aronow,36,2
174,Louise Kohrs,25,5
175,Teddie Langforth,42,5
176,Danie Rankling,37,3
177,Mortimer Joscelin,30,5
178,Kearney Grancher,45,1
179,Morgan Schultheiss,50,4
180,Giulietta Ardley,38,6
181,Jana Crinion,30,5
182,Kathrine Assante,50,5
183,Kinny Piche,35,5
184,Aline Tregona,48,5
185,Jessalyn Judkin,50,3
186,Finlay Skains,34,5
187,Neil McPhee,25,4
188,Tiphany Pamphilon,25,1
189,Ulrikaumeko Brinsford,43,1
190,Merle Newlove,25,5
191,Jefferey Toms,46,2
192,Svend Bermingham,41,6
193,Lona Capitano,39,1
194,Brit Hourahan,45,3
195,Averil Sawney,32,6
196,Rona Ewbanche,42,1
197,Cal Martinat,37,6
198,Roch Shepherdson,42,4
199,Brendan Demonge,32,6
200,Augustus Chifney,46,4
201,Connie Luca,27,2
202,Almira Money,35,3
203,Sholom Primett,29,6
204,Sisely Abrahmovici,31,5
205,Nobe Bilbrey,35,1
206,Augustin Boarder,33,2
207,Mitch McRinn,27,6
208,Lancelot Porter,26,4
209,Chev Trubshaw,33,2
210,Harlan Boarer,41,3
211,Pavla McCrea,38,6
212,Fayina Roswarn,47,2
213,Koralle Malec,47,2
214,Malachi Raulstone,26,6
215,Shelagh Rounds,26,4
216,Sheffield Thursby,43,6
217,Robb Godilington,25,2
218,Anna-diane Lorenzini,41,6
219,Job Hickisson,28,4
220,Artair Murra,45,6
221,Giorgio Lempke,46,1
222,Drusie Looks,45,1
223,Lucie Sandey,27,3
224,Haslett Rowly,28,5
225,Fleur Gladdish,36,3
226,Arnaldo Dimont,50,3
227,Hadlee Vaudin,39,1
228,Wileen Cosyns,33,5
229,Delainey Pawnsford,28,5
230,Brooks Ballard,43,3
231,Kippie Goldsack,34,5
232,Tremayne Blaksley,41,6
233,Durward Portal,50,4
234,Galen Skitral,43,6
235,Manny Legerwood,29,4
236,Daune Dawbery,45,4
237,Sissie Crosson,30,4
238,Shay Piche,44,4
239,Ede Stanfield,30,4
240,Miner Gilffillan,31,3
241,Osbourne Dolden,29,3
242,Lillis Medforth,49,4
243,Ronda MacGillicuddy,50,3
244,Lalo Onthank,47,1
245,Evangelina Thurlby,33,5
246,Cassandra Mouncher,28,3
247,Lennie Grain,34,2
248,Cecelia Heims,48,4
249,Elana Leddie,32,6
250,Ainsley Trowell,34,1
251,Silvanus Restall,35,1
252,Napoleon Culham,31,4
253,Engelbert Welden,35,1
254,Stearne Delacroux,47,6
255,Chaunce Guisby,35,2
256,Roderich Atheis,43,6
257,Analiese Camplen,26,5
258,Rania Gooda,35,6
259,Bunnie Painswick,25,6
260,Jeffrey Carbonell,38,6
261,Ricardo Godon,37,4
262,Tracey Marvin,50,1
263,Kip Lashmar,50,4
264,Virgil Croley,28,5
265,Federico Fishly,49,4
266,Glad Filipczak,47,4
267,Roosevelt Hutchinges,36,2
268,Aubrette Marciskewski,44,3
269,Ursala Battson,30,4
270,Guy Trude,43,3
271,Bord Huddart,34,4
272,Merry Gandrich,43,2
273,Caryl Dickin,37,1
274,Shaun Cubbin,45,1
275,Brannon Sowley,40,5
276,Ogdan Ilsley,42,3
277,Sayer Da Costa,33,6
278,Fifine Pillman,29,3
279,Quentin Salzberg,38,4
280,Ashil Welch,30,1
281,Gilli Croom,35,1
282,Brit Hambers,37,4
283,Sharia Surgey,32,5
284,Wendie Arnatt,36,5
285,Ezekiel Wickliffe,25,1
286,Kevyn Nockolds,25,2
287,Vanya Caffin,35,1
288,Terrill Archanbault,27,3
289,Letty Trenholme,28,6
290,Alistair Tideswell,45,6
291,Belle Hulcoop,32,2
292,Ivy Richmond,33,4
293,Claiborne O'Shiel,29,6
294,Anny Edards,41,1
295,Ragnar Gildea,50,6
296,Nestor Brogden,25,6
297,Florenza Perrat,25,2
298,Lainey Castro,25,6
299,Alfred Cyples,37,5
300,Ogden Thackeray,30,4
301,Mavra Van der Beken,35,1
302,Janelle Theseira,41,3
303,Flossie Carlens,29,5
304,Caroline Simmell,26,4
305,Bevan Leftley,33,4
306,Emalia Fateley,47,6
307,Sande Peers,50,3
308,Pru Crosthwaite,40,2
309,Jaymie Bahlmann,35,3
310,Jodee Bulbrook,36,5
311,Polly Giveen,32,1
312,Arlinda Kerne,37,6
313,Lorenza Kiffin,26,3
314,Alexandra Follos,35,6
315,Cornie Welbrock,47,5
316,Blondy Jobke,34,1
317,Garvey Jost,38,4
318,Drugi Hubbis,40,5
319,Baryram Marchant,50,3
320,Stavro Borborough,32,3
321,Currey Greschik,41,6
322,Geordie Debenham,47,6
323,Carita Belcham,38,1
324,Abigael Kohtler,38,1
325,Grantley Raeburn,42,5
326,Harlen Midden,44,3
327,Haley Wickwar,36,2
328,Bella McFeat,31,4
329,Adel Valasek,25,6
330,Dorise Brisset,44,4
331,Bryana January 1st,26,4
332,Randie Coneau,32,4
333,Gradey Busen,27,4
334,Keely Breadon,25,3
335,Osbert Sealeaf,29,5
336,Carline Werny,27,2
337,Cyndia Mannin,29,2
338,Jake Issacoff,34,1
339,Winston Peterkin,50,3
340,Mariska Pearle,46,2
341,Bren Loan,27,3
342,Lanni Trudgion,43,6
343,Egor Popland,35,5
344,Lillis Reace,25,1
345,Virgina Eyam,38,3
346,Gun Ogdahl,43,2
347,Sonny Heinz,43,5
348,Dalston Filewood,34,5
349,Blaine Klewer,25,2
350,Hatti Ech,32,4
351,Tedi Vance,36,5
352,Pascal Harme,49,6
353,Roseline Maruska,34,2
354,Bryn Lancetter,49,1
355,Adoree Feldstein,34,1
356,Ethelbert Bramley,41,3
357,Ninnette Hucklesby,40,3
358,Charlot Cabrales,27,3
359,Joan Poate,43,2
360,Garrek Stiell,28,2
361,Neal Le Brun,34,2
362,Nanny Yokel,30,1
363,Hughie Tathacott,34,6
364,Kessiah Fieldstone,25,5
365,Phaedra Nodin,50,4
366,Clayton Walduck,44,2
367,Petr Helis,50,6
368,Antonina Wastall,45,2
369,Jacky Marke,50,6
370,Bill Rumbold,50,4
371,Stevie Sinnock,25,6
372,Francklyn Haston,26,5
373,Pippo Oven,49,6
374,Myca Portingale,38,6
375,Filberte Waymont,25,4
376,Goober Salan,45,4
377,Misha Markussen,38,3
378,Ervin Borman,42,5
379,Piggy Shipston,35,6
380,Susan Salters,34,2
381,Vannie Egiloff,34,3
382,Elsie Earwaker,50,3
383,Moyra Abbado,36,4
384,Alair Dmitriev,39,6
385,Nikaniki Boutellier,32,1
386,Tani Blindt,44,6
387,Tomaso Almey,31,5
388,Gibbie Ferrotti,35,4
389,Nick Schofield,47,1
390,Elsie Civitillo,39,2
391,Deck Guntrip,45,6
392,Forbes Avey,39,4
393,Weber Dimitriou,50,1
394,Joanie McArdle,28,2
395,Selene McHenry,49,2
396,Mort Messager,46,1
397,Addison Thing,27,5
398,Dara Sevitt,36,3
399,Claudia Sevior,46,6
400,Florencia Pollard,30,5
401,Reider Deinhardt,27,4
402,Samaria Proven,27,1
403,Barnabe Stratford,29,3
404,Alec Belsham,31,2
405,Janella Tolley,30,4
406,Dulcine Clayill,44,5
407,Vere Crellin,45,2
408,Dael Nornable,43,1
409,Albie Yorston,36,1
410,Olive Espinas,45,2
411,Caritta Chooter,37,1
412,Franny Norcott,41,6
413,Keefer Heddy,28,1
414,Loella Powter,31,5
415,Lynde Golden of Ireland,49,3
416,Tedmund Burnhard,45,6
417,Baron Kalvin,42,4
418,Dorotea Gabbott,38,2
419,Ax Isakov,33,4
420,Etan Westfalen,48,1
421,Mickey Mc Comb,32,1
422,Elsworth Mooney,34,3
423,Constantia Celier,27,5
424,Clemence Tynewell,39,4
425,Eleanora Canner,50,6
426,Eb Charlot,49,6
427,Wylie Bone,38,4
428,Caz Persicke,32,3
429,Ardelle Mallabund,48,3
430,Joelle Fullman,35,4
431,Debor Stert,37,4
432,Katleen Fain,26,1
433,Rory Huygens,31,3
434,Terrell Avramovich,46,1
435,Slade Dunsire,28,5
436,Hedvige Blythe,32,5
437,Martguerita Swallow,46,2
438,Vanya Benallack,49,5
439,Annalise Guerola,29,4
440,Taddeo Baudassi,38,6
441,Charissa Fend,29,5
442,Cindy Trounce,25,4
443,Addy Cowpertwait,47,6
444,Iseabal Hopfer,50,2
445,Lotte Taggerty,40,5
446,Deina Schuchmacher,47,3
447,Brucie Beale,41,2
448,Carri Limerick,35,6
449,Vickie Chesshyre,38,6
450,Miran Grout,27,5
451,Jerrine Van Driel,28,4
452,Hirsch Forcade,48,4
453,Ginni Castella,37,4
454,Lolita Yurenin,29,1
455,Gabriell Dowyer,49,1
456,Blythe Mattussevich,30,5
457,Connie Atter,25,4
458,Atlanta Standbridge,28,6
459,Merissa Manville,48,6
460,Petronilla Deekes,36,2
461,Carlyle Look,40,2
462,Yance Brimble,39,3
463,Monika Tillyer,26,4
464,Keriann Bemand,26,4
465,Wilie Gulliford,27,6
466,Lotte Snoxall,37,5
467,Hill Mityukov,40,3
468,Ive Townson,40,4
469,Shelby Lead,37,5
470,Harrison McCritichie,48,1
471,Lesley Pyne,28,6
472,Sherwood Waddingham,40,6
473,Jeanna Sheards,30,1
474,Helga Ramage,35,3
475,Henry Dolohunty,34,6
476,Lonnie Tran,40,6
477,Bernadina Clines,32,3
478,Hal Reville,26,3
479,Berte Hauxley,48,2
480,Cody Strangward,50,1
481,Liesa Iorns,29,2
482,Nettle Knoles,38,6
483,Burnaby Lambird,41,4
484,Ilsa Kroll,36,2
485,Ladonna Muschette,35,3
486,Genna Mundall,47,4
487,Susannah Cannam,49,2
488,Lita Phin,38,3
489,Felita Jobb,43,4
490,Allis Clara,31,2
491,Sauncho Minett,37,6
492,Mitzi Calles,30,3
493,Malcolm Bernardet,27,5
494,Isac Gueny,34,4
495,Ernaline Kirsch,25,2
496,Giovanna Trank,44,1
497,Othello Driutti,44,5
498,Clara Babber,48,5
499,Shannon Croson,36,6
500,Hortensia Letham,37,2
501,Magda MacDermand,46,5
502,Halimeda Dilland,48,5
503,Laurena Critten,34,2
504,Marin Constantine,26,4
505,Petronia Koopman,50,1
506,Luciano Das,39,4
507,Matt Zannolli,50,6
508,Emery Tinston,29,4
509,Caleb Swithenby,48,2
510,Borg Yurivtsev,50,5
511,Pearl Flemming,43,2
512,Ofelia Horstead,41,6
513,Rochette Tremblett,32,4
514,Adolph Poor,29,6
515,Thomas Huggett,26,1
516,Melisent Gosby,30,6
517,Tades Perocci,44,6
518,Jeralee Waterland,44,3
519,Tyrus Cordelette,45,1
520,Giuseppe Gresham,29,6
521,Melodee Fireman,30,2
522,Dela Weben,35,6
523,Yasmeen Lammenga,37,3
524,Barton Whetnall,29,3
525,Lark Blabie,41,4
526,Corinne Burhill,38,4
527,Henri Stobart,26,2
528,Doll Erwin,34,2
529,Micheal Aizikovitz,26,2
530,Gwendolen Newark,34,4
531,Heywood Fowlie,44,4
532,Hildagard Drage,37,3
533,Rene Needham,46,6
534,Catharina Mains,46,5
535,Dedra Crosson,47,6
536,Gauthier Yeliashev,35,3
537,Glen Pincked,44,6
538,Talya Paice,42,1
539,Stefano Meeny,40,5
540,Amelia Primmer,33,2
541,Ewell Kobpa,28,1
542,Ola Messruther,35,6
543,Kalil Curd,26,3
544,Gertie Whitford,39,3
545,Fedora Potzold,45,5
546,Paulita Neary,46,4
547,Reggie Abramovitch,46,3
548,Aaren Bimrose,46,5
549,Caspar Allsebrook,31,2
550,Ingemar Bronger,31,1
551,Layton Bodemeaid,36,1
552,Link Willson,30,6
553,Ric Bernard,32,4
554,Caryl Redan,29,4
555,Brigham Knightley,27,3
556,Mireielle Hanstock,26,3
557,Nikos Habron,48,4
558,Claire Deniske,31,5
559,Virgil Asken,41,6
560,Cristabel Saywell,32,2
561,Egan Mougel,43,4
562,Binnie Landell,42,4
563,Marie-jeanne Halhead,25,4
564,Humfrid Beverstock,40,6
565,Brandie Richardon,33,4
566,Orlan Ruzicka,28,6
567,Rebeka Heys,49,1
568,Gene Wabersinke,32,4
569,Catrina Oultram,39,3
570,Bentlee Pydcock,41,2
571,Rikki Craiker,44,3
572,Dyna Boler,39,1
573,Chilton Knellen,40,3
574,Cam Matton,41,5
575,Terencio Wedgwood,26,1
576,Frasquito McNalley,45,3
577,Luci Edgars,50,2
578,Maurits Bartoleyn,25,5
579,Burke Bruggen,26,2
580,Leonard Lusk,25,5
581,Meridith Ceschelli,26,1
582,Anne-corinne Ousby,39,3
583,Grove Domerque,37,4
584,Renie Bullingham,46,2
585,Jesus Gherardelli,39,4
586,Marmaduke Tabard,41,5
587,Brear Ludmann,40,4
588,Tabor Thornally,26,1
589,Shaylah Peddar,49,5
590,Sarah Ligoe,36,3
591,Jeth Dranfield,40,2
592,Ahmed Dovydenas,28,4
593,Chere Vanyushin,42,4
594,Hewitt Giroldi,40,6
595,Cindee Crilly,33,3
596,Minni Aldous,49,1
597,Marie-ann Pennings,43,2
598,Skipton De Metz,43,5
599,Lexie Tofano,37,1
600,Goldi Matusevich,26,4
601,Odo Wittleton,34,1
602,Papagena Tumber,50,6
603,Delora Wilford,31,6
604,Talyah Gwynn,25,1
605,Mariette Smallwood,50,3
606,Ignazio Jewell,41,5
607,Mavra Sijmons,50,2
608,Gennie Blumfield,43,5
609,Lara Curtin,28,3
610,Erinna Curless,46,5
611,Gerianne Forbear,29,6
612,Yoshi Murt,44,5
613,Cthrine Smyth,37,6
614,Catharina Paulsson,46,3
615,Elberta Entres,47,3
616,Donn Rookes,45,2
617,Seward Gather,44,2
618,Claudine Kevis,44,2
619,Nikolaos Gosnold,49,6
620,Nanni Cardis,37,2
621,Brien McAneny,41,3
622,Merralee Jacks,45,4
623,Othilie Mattioni,38,2
624,Frasquito Gadaud,32,2
625,Mildrid Darwen,25,5
626,Keefe McGilvray,42,2
627,Lewes O' Mara,50,5
628,Jolene Becerro,26,6
629,Travis Delatour,32,4
630,Zonda Easdon,43,4
631,Mathe Joutapaitis,30,1
632,Sydel Trimming,28,4
633,Ninnetta Witul,44,3
634,Nesta Eastgate,48,5
635,Godiva Hellen,40,6
636,Isadore Giacovazzo,40,1
637,Daryl Scholl,34,6
638,Eddie Atkins,42,2
639,Elicia Lugard,45,2
640,Crin Gallemore,32,1
641,Jaquenette Trimming,25,4
642,Karen Pifford,49,5
643,Fifine Charge,30,3
644,Tucky Linsley,42,1
645,Darleen Flag,48,3
646,Olivia Jacmard,30,4
647,Jarrod Durdle,37,5
648,Stacey Van Niekerk,37,3
649,Ludvig Iannitti,41,5
650,Harriett Matfield,25,1
651,Lita Bullingham,41,5
652,Cherry Shulem,40,5
653,Alfreda Galliver,35,4
654,Lukas MacAdam,45,5
655,Nikolos Pirri,42,4
656,Vito Kenewel,25,2
657,Ody Sorrill,45,3
658,Christiana Weinmann,48,4
659,Bartholomeo Reichert,32,2
660,Xever Burman,50,3
661,Bailey Kollaschek,36,3
662,Lindsay Snoxall,40,2
663,Delly MacNair,37,3
664,Christie Whaley,26,3
665,Shawn Simonsson,27,6
666,Keenan Crambie,26,5
667,Eduardo Rhodef,29,1
668,Rafaellle Luttger,26,3
669,Addie Trill,32,1
670,Lindsy Preston,34,5
671,Verney Yallop,31,5
672,Birgitta Mockler,25,4
673,Godiva Lias,45,3
674,Caresa Pennaman,49,4
675,Paula Bottinelli,44,6
676,Teri Baudesson,25,4
677,Corabella Verring,39,3
678,Latrina Eilhersen,26,5
679,Juanita Frentz,39,4
680,Martica Rangell,49,1
681,Cleavland Seth,50,1
682,Francesca Gumbley,34,3
683,Isa Rubury,32,3
684,Kaitlin Manach,41,3
685,Ursola Josipovic,43,4
686,Kathye Leve,26,3
687,Ashia Dyble,32,6
688,Dannel Cyson,39,6
689,Clea Jollye,32,4
690,Cathie Ashard,47,3
691,Hilary Rosenhaupt,46,4
692,Dionne McCaster,31,4
693,Roderigo Brahms,40,5
694,Jabez Bento,29,6
695,Genny Chamney,36,1
696,Abram Blakden,30,2
697,Rodrigo Buttery,49,1
698,Jean Gleadle,50,1
699,Nester Mangeon,38,6
700,Obadias Rodolico,27,1
701,Cosme McLucas,44,2
702,Blanca Siddle,25,5
703,Ahmad Stopford,29,1
704,Margette Radleigh,42,5
705,Angelica July,26,6
706,Augustus Birtchnell,28,4
707,Corbin Von Der Empten,33,5
708,Michal Barthrup,30,4
709,Kerr Maccrea,50,6
710,Lilian Stedell,30,2
711,Zebadiah Bracher,45,1
712,Dusty Grimolbie,36,6
713,Alika Critten,29,1
714,Erie Rye,25,4
715,Saxe Adamthwaite,44,5
716,Harris Mityushkin,37,5
717,Anni Hutchins,49,3
718,Miquela Franceschino,33,5
719,Redd Szachniewicz,36,5
720,Ronda Bentham,41,5
721,Freddy Petrishchev,45,5
722,Carolin Middlebrook,29,2
723,Dallas Whight,47,4
724,Adams Stallebrass,50,4
725,Gilbertine Adair,42,1
726,Bari Beastall,42,3
727,Bridget Taggett,41,5
728,Nicolais Simondson,33,5
729,Fulvia Lamerton,30,4
730,Munmro Hanburry,47,4
731,Jesse Parsand,33,4
732,Ezmeralda Biggin,46,6
733,Rutger Van Merwe,44,4
734,Joelie Stiell,48,3
735,Merilee Filan,43,2
736,Nathan Gierck,48,6
737,Ermengarde Benedite,28,4
738,Kristel Linny,40,5
739,Nikolaus Guisler,44,2
740,Fredelia Bedburrow,42,5
741,Nissie Dies,30,6
742,Padraig Kestin,41,6
743,Giorgia Rikel,39,3
744,Mickie Longworthy,29,1
745,Roddie Spohr,27,1
746,Sanders Lodford,35,1
747,Linus Chern,46,4
748,Christina Jordine,49,4
749,Oralie Bleddon,40,1
750,Toiboid Foley,28,6
751,Vasily McGilvary,31,4
752,Archer Keirl,33,1
753,Haleigh Furse,33,5
754,Hartwell Brownsett,28,1
755,Nell Knoton,34,6
756,Dionis Alves,27,1
757,Pepito Detoile,42,6
758,Rik But,36,4
759,Caron Ancketill,42,2
760,Lynn Richings,49,5
761,Hiram O'Fearguise,41,3
762,Hyacinth Fantonetti,49,5
763,Tedd Heifer,27,5
764,Jessey Kaser,27,5
765,Selma Swanbourne,44,6
766,Meade Simco,42,4
767,Ranique Gallegos,25,2
768,Trescha Moulden,34,5
769,Alister Pfleger,29,4
770,Reynard Thunnercliff,26,1
771,Northrup Beckett,47,4
772,Caroljean Olenichev,32,3
773,Ambrose Leaver,27,3
774,Atalanta Iacovazzi,29,3
775,Winnifred Milch,34,4
776,Michal Aberdalgy,44,2
777,Jillana Martina,30,4
778,Evania Elstone,34,5
779,Muire Rothschild,45,4
780,Gerald Standingford,31,6
781,Helena Pennick,42,2
782,Sada Southan,26,1
783,Harvey Hallsworth,39,1
784,Duffie Wieprecht,39,4
785,Jamison Colnett,42,2
786,Conant Stapleford,41,6
787,Sergent Dmitriev,27,1
788,Winfred Morhall,38,2
789,Ky Simmen,31,1
790,Ulick Abramovitch,37,6
791,Fidel Pinnick,26,5
792,Hercule Gainsboro,44,4
793,Theo Jillett,25,3
794,Daniel Rawne,44,6
795,Allyn Schanke,43,4
796,Wynn Jan,43,5
797,Nicol Faircliff,35,4
798,Theodosia Mauvin,39,1
799,Eleen Henstridge,33,3
800,Patsy Canfer,36,3
801,Madelina Sebert,39,4
802,Jori Pelham,43,1
803,Dani Prickett,26,1
804,Antonie Hofner,43,4
805,Kial Zoppie,26,5
806,Thedrick Dat,42,4
807,Hunter Swindin,37,4
808,Riki Evison,33,6
809,Linell Longlands,34,5
810,Gabrielle Rawles,42,3
811,Farris Cawkwell,36,6
812,Abagael Sueter,32,2
813,Freemon Babbs,49,6
814,Mercedes Dowty,40,3
815,Enriqueta Clough,33,2
816,Giustino Murrill,43,6
817,Louisa Gard,47,5
818,Morley Allbrook,35,2
819,Savina Hastwell,49,4
820,Tillie Brantl,33,6
821,Petey Bauer,35,3
822,Archaimbaud Van der Hoven,45,1
823,Thorndike Humphery,30,5
824,Shirline Guilloneau,42,5
825,Felike Gauford,25,6
826,Esra Shorrock,38,6
827,Iona Stockbridge,29,1
828,Joletta Plante,37,6
829,Rosene Breming,45,5
830,Reese Trimnell,39,3
831,Harmonie Box,39,1
832,Lonnie But,26,5
833,Lenka Zarfat,36,6
834,Chariot Beamand,49,5
835,Geri Reichardt,40,1
836,Westley Whettleton,38,6
837,Moishe Baford,35,3
838,Herve Arden,50,2
839,Birgitta Bowfin,38,1
840,Tadeo Sutch,42,3
841,Lacey Arnson,48,3
842,Leesa Playfoot,49,6
843,Chrysler Krugmann,34,2
844,Obed Tilliards,41,3
845,Thomasin Townsend,50,6
846,Guenevere Godsmark,50,5
847,Cammi Beining,43,5
848,Raye Burriss,46,1
849,Yoko Kurton,27,3
850,Sonnnie Goodwyn,33,6
851,Kim Breawood,32,1
852,Dix Songist,50,2
853,Daniel Holtom,46,3
854,Farlie Treweela,29,1
855,Valera Tuberfield,50,2
856,Nettle Beadon,46,3
857,Chandra Stening,26,2
858,Godwin Seagrove,39,2
859,Daryle Daber,45,1
860,Gretta Waghorn,38,6
861,Irvine Stanion,48,2
862,Virgina Lighten,36,6
863,Antons Plaid,40,2
864,Koral Ucchino,35,6
865,Henka Boycott,41,4
866,Granthem Heyward,50,6
867,Cati Blackbourn,28,6
868,Garik Hinken,49,3
869,Madge Shinton,35,3
870,Corty Gribbins,27,2
871,Trever Clerk,41,4
872,Maryanna Drew-Clifton,34,4
873,Clarette Laux,49,3
874,Christie Childerhouse,43,6
875,Cybil Muzzullo,31,4
876,Ban Svanini,31,5
877,Alexandre McPolin,42,2
878,Leonie Bassil,34,1
879,Ely Margetson,44,5
880,Anderea Di Meo,47,2
881,Sheffy Brockie,36,4
882,Stafani Jakucewicz,31,6
883,Rowan Ronchka,36,5
884,Claybourne Sunners,40,4
885,Monty McAirt,33,3
886,Luce Annies,43,4
887,Spence Stares,44,4
888,Stanleigh Stemson,31,5
889,Clim Brandacci,34,3
890,Barn Aspole,49,6
891,Cheryl Dowglass,33,3
892,Odelia Wigley,41,4
893,Agathe Dorie,26,6
894,Nelly Boutflour,45,6
895,Agretha Tow,43,1
896,Alexio Pescud,47,1
897,Enrica Beig,33,6
898,Hermy Maeer,36,5
899,Eachelle Ouslem,44,6
900,Ediva Corgenvin,27,4
901,Igor Muckley,38,5
902,Jobyna Jennaroy,26,2
903,Borg Chantler,26,1
904,Sheffield Wigsell,33,1
905,Maggie Reeken,42,2
906,Taite Littlefair,29,2
907,Nisse Charlo,29,4
908,Luke Skull,38,1
909,Carce Woolward,50,2
910,Kare Wixey,26,5
911,Joanne Guare,49,5
912,Sydelle Forgan,43,3
913,Jeannine Hogben,44,1
914,Laird Vize,46,5
915,Trisha Noakes,34,4
916,Wake Scotcher,29,3
917,Efrem Molan,40,3
918,Jackson Dimitru,50,5
919,Vale Punch,45,5
920,Moishe Jelf,41,5
921,Adara Ricardou,41,6
922,Pier Wrought,42,4
923,Barbette Itzkovwich,42,2
924,Aridatha Cristofvao,34,4
925,Letizia Chatburn,49,5
926,Meg Joncic,27,5
927,Flora Erskin,49,6
928,Othilia Cano,48,2
929,Rowen Caghan,43,5
930,Marga Englishby,37,1
931,Zack Reye,42,6
932,Prudy Verna,41,1
933,Neel Pranger,38,4
934,Marji Rizzone,37,2
935,Lemuel Gierck,35,1
936,Irvin Ramsbottom,36,3
937,Auguste Schimonek,31,6
938,Ilyssa Slimm,37,3
939,Lia Banaszkiewicz,25,4
940,Harper Hebborn,29,4
941,Mala Normavell,37,3
942,Kennedy Morefield,44,4
943,Freddie Quennell,27,5
944,Torrence Brugden,34,1
945,Ki Norres,32,1
946,Talya Stallybrass,27,3
947,Dori Abadam,31,1
948,Ker Bernhardt,48,2
949,Arluene Shade,25,5
950,Gilemette Dowderswell,34,6
951,Dahlia Dewsbury,43,5
952,Dolores Dartan,47,1
953,Madalyn Ondra,40,2
954,Cherice Guyver,37,2
955,Ernest Jakov,48,3
956,Ian McGowan,42,6
957,Joscelin Yglesias,41,5
958,Vladimir Pretor,31,1
959,Esta Bumpas,31,4
960,Wanids Nolot,31,3
961,Wendy Wythe,41,1
962,Meredeth Wicklen,41,4
963,Reube Baldelli,43,4
964,Corena Tyzack,41,4
965,Krystyna Hyam,34,3
966,Cozmo Skalls,50,3
967,Bonnie Blockley,36,1
968,Randy Erickssen,46,2
969,Weber Binfield,26,2
970,Devondra Teas,29,2
971,Rustie Garett,32,5
972,Janot Ferreri,33,6
973,Annabel Marchant,30,6
974,Blakelee Lysons,43,6
975,Elbertina Liddy,37,2
976,Lucais Petty,38,3
977,Layney Agate,41,4
978,Luce Shawyers,31,6
979,Averill Mussared,44,3
980,Wilhelmine Marrow,31,4
981,Gale Blackboro,37,1
982,Freeman Timson,38,1
983,Egbert Morrill,29,2
984,Conroy Embury,27,4
985,Normie Cundict,50,4
986,Raul Beachem,48,4
987,Shaughn Mickleburgh,50,1
988,Wandie Vahl,33,4
989,Druci Dmtrovic,28,1
990,Marni Simeon,29,6
991,Allyson Stringman,43,3
992,Rena Hudleston,42,3
993,Kip Howsan,45,5
994,Timothea Twidale,35,4
995,Kirstin Newband,28,5
996,Gwenny Wandtke,38,4
997,Tani Kiwitz,31,2
998,Marlin Kenwright,28,2
999,Dorice Burgyn,44,5
1000,Maryann Sturmey,33,2
